YORF,Half-life Time Course 1,Half-life Time Course 2,Half-life Time Course 3,Final Half-life
YMR261C,22.635922048640623,179.05617967169331,63.941385532521394,88.54449575095178
YDR118W,,116.43940604814628,12.362833374569195,64.40111971135774
YOR303W,52.548888770138355,50.00685795920786,68.16380527436945,56.906517334571895
YGR088W,169.44937043344234,,,169.44937043344234
YLR166C,17.242946758488237,98.49277759816952,29.70438470830999,48.480036354989245
YPR055W,90.16230207535092,49.76496851997412,56.81703665987688,65.58143575173398
YPL262W,38.741054670106635,115.58390156081536,64.54100987584864,72.95532203559021
YJL031C,93.9512740670026,,12.179015584355122,53.06514482567887
YDR019C,37.79883049752636,127.30074286150236,13.959279896874962,59.68628441863456
YAL038W,35.924554894179295,398.3587325594259,,217.1416437268026
YOR347C,,-81.72423127121044,119156.50942992372,59537.39259932626
YDR052C,59.153666957276016,,,59.153666957276016
YLL041C,27.064056886118664,88.32426211077392,58.33469983520379,57.90767294403213
YPR191W,39.88070765697723,73.37869875942924,43.64658265389961,52.30199635676869
YGR183C,,34.93448023721388,108.01056731189944,71.47252377455666
Q0105,,,77.5831275759924,77.5831275759924
Q0275,,,74.13451163255148,74.13451163255148
Q0045,,187.86598424283983,43.90885772784381,115.88742098534183
Q0130,38.679628212550135,112.26597974180994,44.58010722091276,65.17523839175762
YGR180C,58.37596569734207,84.6673965214821,42.97680731214014,62.00672317698811
YOR334W,68.9490902653682,-82.51085652183365,1045.5616444335826,343.9999593923724
YGL093W,64.4598123443664,1049.4631910076532,,556.9615016760098
Q0140,89.04692682644868,,189.89596140799017,139.47144411721942
YGR059W,23.119689306568063,16.2283303946639,139.48539998851254,59.611139896581506
YLL050C,36.946041549903526,33.57704492409688,132.3440934953912,67.62239332313054
YDR129C,34.95540573988112,66.59401632352046,74.66377255193595,58.73773153844584
YMR092C,84.93117508093438,103.61396835914256,49.30746067317062,79.28420137108252
YMR109W,30.27830551801586,96.87430231587894,20.16956576798448,49.10739120062643
YHR023W,30.78493953548847,441.8147984599026,19.25696530314327,163.9522344328448
YBL078C,,277.3742223104856,49.64290354767916,163.5085629290824
YDR424C,113.0922190666651,13.037981952827524,33.0432189345543,53.057806651348976
YJR045C,39.594550902398275,63.20442880546654,39.82101562602713,47.53999844463065
YOL004W,37.7140529808867,139.6487995289872,33.717152847159525,70.36000178567781
YBL037W,65.50390856617113,81.64311375316663,175.98889096308167,107.7119710941398
YPL085W,75.25306436229215,51.39787288803401,28.04250307944903,51.564480109925064
YOR069W,17.612533030584927,20.610022019021898,126.46089743554415,54.894484161717
YOR132W,34.309240270750635,76.49355221274611,37.958714879867685,49.58716912112149
YJL041W,42.0668852532055,342.9394159027915,16.689345719565704,133.8985489585209
YER094C,,,64.35000886211682,64.35000886211682
YIL075C,16.249665529599053,197.2984037440252,55.18805737833765,89.5787088839873
YHR118C,46.13270199483121,,418.0082596884698,232.07048084165052
YIL139C,,,201.5089408619808,201.5089408619808
YCR014C,21.081037453942372,292.91791005942054,11.505324680707256,108.50142406469006
YDR301W,21.333592590171634,103.46030456283763,22.77488346976328,49.189593540924186
YBR167C,28.711939965120756,35.89598856526476,119.85807782769012,61.488668786025215
YDR364C,35.460675568130476,200.92013300351917,2.124727856556942,79.50184547606887
YCR018C,45.56620975349356,103.7671988650642,29.93595251181244,59.7564537101234
YDL132W,32.25126322843925,191.7592825294271,18.90096783083577,80.97050452956739
YLR439W,41.08154608400476,16.560552064818406,104.2300331089256,53.95737708591626
YKL142W,81.44719741108409,82.35294794299139,53.15797486253463,72.3193734055367
YFR049W,20.55983219161365,109.8370618730524,36.47245731844216,55.62311712770275
YMR201C,44.416083304592256,14.93698485004025,646.5950225391729,235.31603023126848
YER095W,,18.152615987031968,87.59448672398013,52.873551355506045
YNL250W,14.05545540542973,120.54795304207062,8.956167291001817,47.853191912834056
YOL090W,27.876679689392542,145.67675174726864,29.85818576825844,67.80387240163988
YIR017C,529.578422771745,,3.054372670241663,266.31639772099334
YOR290C,29.10557341067616,91.85031894921408,21.860686304548857,47.6055262214797
YAR010C,16.091738129658868,86.576727796298,49.00691123498257,50.55845905364648
YML039W,40.47150739136461,208.5849494510988,32.59900672395084,93.88515452213808
YMR050C,39.967767778540214,183.4526501810623,38.95608060007891,87.45883285322714
YER138C,49.39112143252524,79.17225520567202,21.036531902568715,49.866636180255334
YML013C-A,33.96131369040706,127.20778648200267,21.96830431387317,61.04580149542764
YER160C,52.06527922706405,94.87017394769916,27.22073394533789,58.05206237336703
YBL005W-A,,133.8487336135984,50.92548925807703,92.38711143583772
YLR134W,54.27768132315682,288.82577776373233,,171.55172954344457
YLL024C,,63.073737490413194,42.295815980573366,52.68477673549328
YLR109W,,83.500124579562,47.904134617362,65.702129598462
YBR196C,38.60087961960015,93.03246446109358,53.754694094046855,61.79601272491353
YLL039C,18.393322312122777,81.86310890120173,101.19022034214512,67.14888385182321
YLR150W,46.97399150075096,54.88654507743873,,50.93026828909485
YBR011C,44.41401792672403,341.1004613041642,45.76867156467078,143.76105026518636
YDR077W,54.138154868975334,372.2823103627382,,213.21023261585677
YNL055C,19.33400608486793,80.64163141105728,45.22999191089029,48.4018764689385
YNL135C,36.05039112419139,77.8253876888024,35.56738829603142,49.81438903634174
YPR149W,53.08602927739719,252.06658907572617,31.853437206258135,112.33535185312716
YHR064C,34.10293346649954,101.74155621690788,36.82709731267216,57.55719566535985
YGR209C,15.361555384653022,67.4933031327525,59.03786955908543,47.29757602549699
YLR259C,41.311778083827846,425.27078944403326,11.5676263229654,159.3833979502755
YMR251W,-31.87586365037204,386.17150823014344,86.71896734513963,147.004870641637
YDR380W,,,56.26623292128645,56.26623292128645
YML078W,35.1336319629726,56.423856039987825,53.56759960693629,48.37502920329891
YHL035C,31.30086708917431,96.70457512967825,41.94974605082806,56.65172942322687
YLR087C,,59.60687306262054,,59.60687306262054
YPL154C,36.81069091141001,84.33750286203123,44.740778548256074,55.29632410723245
YHR049W,,35.631773499929466,73.15770746069455,54.39474048031201
YDR366C,39.19371825712765,142.9567897815128,22.345898697117786,68.1654689119194
YLR216C,34.41080586131027,,136.16352823481785,85.28716704806406
YNR068C,31.905385156271905,80.8754651276216,66.3117386211155,59.697529635003
YBR054W,18.55726867482972,131.4086709904609,21.784941754817844,57.25029380670282
YMR031W-A,27.911741020636143,115.54251448127955,13.288818175300774,52.24769122573883
YBL047C,24.84958441015051,113.46577757370244,30.30747612861444,56.20761270415579
YNL208W,41.39674358802931,61.706093569147185,60.65128630744952,54.584707821542
YKL086W,45.420706587333775,1163.9861056025986,36.00045102335081,415.1357544044277
YOR010C,27.333929331937764,,131.9240609245423,79.62899512824002
YLR269C,,,56.46220189905033,56.46220189905033
YMR316C-A,18.432634711690568,420.7474687187279,36.526086180761425,158.5687298703933
YAL066W,,,82.05373825385546,82.05373825385546
YIR037W,33.8146758054758,85.68322478909732,37.808539287162255,52.435479960578455
YDR032C,96.0595875693768,107.93753195827816,56.836286543328235,86.94446869032772
YHR095W,11.325823925648978,,223.24602831054148,117.28592611809523
YKL210W,42.47421326121871,113.17022634294187,42.987608409459014,66.21068267120654
YGR284C,27.269343122574007,105.9610005418664,49.86347873364443,61.03127413269495
YFL010W-A,,71.38185522457636,26.050428539723143,48.71614188214975
YFL013W-A,22.542574236988887,67.10382519263482,130.27535471644512,73.30725138202294
YDR063W,46.57938745501603,91.21404719033652,,68.89671732267627
YJL120W,35.733086409965345,142.68277725121212,8.346417549994841,62.25409373705744
YPL135W,55.19599101736923,61.96282325207216,54.92114287253504,57.35998571399214
YOR027W,61.85412683155904,,,61.85412683155904
YMR226C,40.55532904954444,86.21039482896299,43.50098316835557,56.755569015621
YDR416W,1796.7933469412455,6.554745785410164,8.781316049632407,604.0431362587627
YGL026C,43.10834357307395,98.54454903019128,121.36623020086095,87.67304093470874
YDR513W,51.629170435646415,109.37631903456052,36.14016786010965,65.71521911010552
YMR169C,31.529174461599528,124.25550394899896,70.98306732624158,75.58924857894668
YMR280C,13.58984086698594,195.69186496391717,35.33950820956917,81.54040468015744
YGL207W,158.48433643755098,92.75170126613848,25.943049090887335,92.3930289315256
YGL215W,98.02051557608588,402.35689062199185,28.57877747471238,176.31872789093003
YEL005C,,76.42331968964892,23.943078279393216,50.18319898452107
YLR072W,14.256996135181444,178.0382738514968,55.33982628476509,82.54503209048112
YBR017C,155.47956135369424,32.66308075113894,26.033995199979568,71.39221243493758
YAL064W,153.35630455851376,13.33019239360505,,83.3432484760594
YGR218W,38.67472556405238,233.22726160631447,14.551494591434215,95.48449392060036
YER004W,40.010563338200626,80.44617241803606,23.225903431094647,47.894213062443775
YEL030W,,759.4178823839533,47.284345426782245,403.35111390536775
YNL239W,48.138543038901275,60.489828059106,41.347969195526,49.99211343117776
YOL037C,27.951367196503274,173.5791097236122,,100.76523846005772
YDR070C,25.507965498033528,70.82066269276125,113.18834979105822,69.83899266061766
YMR173W-A,29.470214681405093,121.98410666497948,131.38180083218936,94.27870739285798
YPR146C,18.828670672326275,67.2227538915705,55.89877301631139,47.316732526736054
YAL004W,40.509172452665034,86.85419771735941,16.8467693756148,48.07004651521308
YPL121C,,52.62303884554987,149.66560144780328,101.14432014667658
YGR137W,29.51417061213824,102.6608111439708,87.45885703248612,73.2112795961984
YOR345C,33.8036908496005,168.79253661408788,24.711955938642756,75.7693944674437
YFL026W,23.85638882851535,191.77064571983053,75.0346923076642,96.8872422853367
YHR053C,26.179627668958183,105.16279316969162,60.00990680793227,63.78410921552736
YHR055C,25.607787244852464,97.62036974684789,50.63200189985809,57.95338629718614
YER007W,0.0280743881473631,317.06689545370546,6.2520473206526805,107.78233905416852
YPR046W,99.88184238936684,34.31496707957856,29.510123217092534,54.568977562012655
YDR503C,33.46973618799365,194.8969611903283,13.126350385774648,80.49768258803222
YJR103W,,89.22623406005984,24.97647648985349,57.10135527495666
YNR001C,,110.41791660710012,24.15815628093393,67.28803644401702
YBR047W,0.0850501975032485,,226.57155160923935,113.32830090337131
YDL118W,11.5757869588022,141.94037473951076,17.758146338973173,57.09143601242872
YFL010C,31.289214462902073,97.0940334406836,32.347120319401384,53.57678940766235
YKR051W,28.276301891888636,97.88180083362698,20.29937574683589,48.81915949078384
YNL156C,45.42265412816551,63.581219237650586,65.6639324189577,58.22260192825794
YNR047W,148.1123354809082,11.489555370712154,5.486732657811972,55.02954116981078
YOL119C,357.91323641354757,75.9411237687248,23.944255463250652,152.59953854850767
YMR068W,80.13970175053464,110.43187860830535,30.087904215485676,73.55316152477522
YNL173C,20.084820444413612,-172.41586865803302,818.6320585431482,222.1003367765096
YAR003W,27.968381217541292,131.07771273666717,59.441069981499304,72.82905464523593
YGL238W,51.312587038754025,62.5461773992324,40.371495529259946,51.410086655748785
YDR101C,13.784496111752151,296.6968911673317,7.558051745349805,106.0131463414779
Q0110,53.56311346025569,23.299786290142453,127.082422777014,67.98177417580405
YAL037W,300.4924207164292,-20.622377265486413,40.62121870509741,106.83042071868006
YML117W-A,31.43658861626499,139.1986464078795,113.17180983980074,94.60234828798174
YOR166C,388.81175119818806,4.778319706176751,29.388142049266516,140.99273765121043
YNR057C,41.60301850162861,166.8286426415834,33.49475492426779,80.64213868915994
YBR183W,54.069827168660105,26.252193914048966,76.51085803021678,52.27762637097529
YGR111W,26.30320009038232,62.722483702473625,53.66759520962418,47.56442633416004
YEL062W,47.67526140539921,9.079612150736912,122.54086690294916,59.765246819695086
YKL150W,45.22075141147032,176.6892910235196,70.58510340236072,97.49838194578354
YML003W,85.25363553969109,127.5849986846264,32.90596318184717,81.91486580205489
YLR179C,38.310743723974554,75.1452009143891,35.691392613052244,49.715779083805295
YMR103C,107.33175237731164,-26.994992154862725,94.11191888519082,58.149559702546576
YNL155W,31.7111641743902,147.26535535894232,20.9630027597124,66.64650743101497
YDL229W,30.783581018756458,72.62077279874447,41.65251969511368,48.35229117087153
YOL106W,46.32626867870004,103.78175312749642,57.52514851354934,69.2110567732486
YPL009C,35.33321424153321,79.33369644904528,59.82488966547305,58.16393345201718
YEL006W,30.902759279943364,195.3496818102848,45.84830207612753,90.70024772211856
YAR050W,,30.678425126344848,66.25671302831273,48.46756907732879
YDL038C,34.31993371274092,81.42725688292302,27.24180012679984,47.66299690748792
YLR309C,37.269468618223875,101.37191383272835,26.613417993957498,55.084933481636575
YMR090W,,,100.99841635855496,100.99841635855496
YOL029C,23.22779896338153,79.71678785423137,48.79251080982615,50.57903254247969
YMR010W,14.706394311706664,149.915576636668,89.39139038628575,84.67112044488681
YLR303W,50.64492907043972,93.72517099088334,57.574309458791625,67.31480317337156
YJR120W,65.93784007111539,99.56598903836284,47.183732216368526,70.89585377528225
YMR045C,43.53507952226765,138.13808686246443,40.90875882865408,74.19397507112872
YOR052C,56.20915582761298,,47.00092719264366,51.60504151012832
YGL167C,,77.27480016198018,20.36778537264489,48.821292767312535
YKL157W,36.419812662619826,111.2408674241724,36.234572428917616,61.298417505236614
YHR136C,114.55646320922162,,72.75269315366614,93.65457818144388
YLR133W,36.15617918735577,124.0036455950631,34.16582268153994,64.7752158213196
YPL058C,25.267242653139665,192.18440817851717,,108.7258254158284
YAL058C-A,42.41968002675779,-34.86830606481329,375.28012743699225,127.61050046631225
YPL153C,49.73041643973741,153.3570581225172,18.763129382565932,73.95020131494017
YNL281W,30.040615007316273,70.86379132294775,47.74309677786162,49.54916770270855
YGR245C,12.539859816234983,294.3498684766816,11.179291896426149,106.0230067297809
YDR274C,63.02562536809613,26.912054595684072,879.3748269245448,323.10416896277496
YJR100C,28.26070394727205,106.90474651020034,19.66863993779758,51.611363465089994
YLR363C,27.782073317432303,79.50620949883654,48.333611638000896,51.87396481808992
YAL017W,47.36798249428849,335.81178485298045,46.200275569191035,143.1266809721533
YDR029W,11.852615922841322,123.51050012928164,72.07260786188996,69.14524130467098
YML005W,101.95693371211168,23.39842555692661,26.273674889198457,50.54301138607891
Q0060,92.88752910205324,,65.51811860327953,79.20282385266638
YBR085W,124.25390761128074,8.088034817063042,76.94213555894099,69.76135932909493
YPR122W,10.61994182181988,114.91680176476956,21.829200215926203,49.12198126750521
YGL088W,82.04170876996265,78.8465822896375,30.095949482943475,63.6614135141812
YKL199C,2569.9494828252837,47.073833209114234,139.16489905446986,918.7294050296226
YIR038C,30.343027163480613,189.3763845027691,52.70050405280244,90.80663857301738
YLR162W,56.90816412449994,441.71569924370505,399.0555205004026,299.22646128953585
YJL135W,33.39282524871013,69.91656138104057,40.38925806410273,47.89954823128448
YCL019W,47.2213714718829,144.35525388989112,74.01751819761161,88.53138118646187
YNL157W,18.737225587737644,1280.6705397663964,43.93925855439749,447.7823413028438
YBR228W,44.59234690800075,90.62740827380738,76.28078835825836,70.50018118002215
YDR072C,25.255004440298677,85.4521175388427,70.42448015257638,60.37720071057259
YPL005W,44.12549655428317,179.63886764910728,61.43746613062878,95.06727677800642
YBR026C,17.913291165222407,82.57413378240842,73.45142939114173,57.979618112924186
YPL180W,31.482118883958496,83.28897653139171,36.47657692977372,50.41589078170798
YNL182C,364.1075629735504,,,364.1075629735504
YHR214C-B,43.19518494852908,123.08003303359226,48.88679673196992,71.72067157136375
Q0055,44.058962585717374,126.60658089697952,40.89848470002079,70.52134272757256
YHR047C,36.63535469431022,91.15925848618356,66.1616534673135,64.65208888260243
YLR302C,148.11899828712947,99.45289413655692,44.89053770495039,97.4874767095456
YGR136W,58.337171871831615,243.26026854665696,58.150011164786775,119.91581719442512
YPL201C,12.897015981605865,196.9938624852153,107.18821409778494,105.6930308548687
YDL035C,7.492539723732278,289.52744353273044,21.78865556346066,106.2695462733078
YFL017W-A,74.780366761629,1011.331610236055,27.431577561090293,371.1811848529248
YDL027C,53.85256657638906,107.71885935247846,67.0778958479149,76.21644059226081
YPR094W,9.970361143071417,182.57044687426512,34.12154771444293,75.55411857725983
YPL245W,2000.3205804685572,52.34990189684798,36.98674663319379,696.5524096661997
YNL297C,29.184311313319498,89.7492313022115,36.13720561737675,51.69024941096925
YMR153C-A,33.84464658798684,1083.496707021668,32.95882549492123,383.4333930348587
YBR012W-B,25.77241613253111,92.95193089683664,35.095642608496405,51.27332987928805
YJL171C,31.02117360354474,82.08203032029424,43.13382004398567,52.079007989274885
YKL136W,62.56321501756141,53.777278774856576,196.66169056411948,104.33406145217914
YDR150W,215.8036896954876,68.34596485916497,33.431798358925136,105.86048430452588
YOR251C,11.73397901934996,205.84732074264667,28.04905906873406,81.87678627691024
YLR168C,64.54313849266813,1348.9758047436976,33.240357777967,482.25310033811087
YAL034W-A,13.329305741989277,87.99019043544475,41.090776634704625,47.47009093737955
YOL134C,171975.75117556425,103.83355486935066,76.50947141349435,57385.364733949034
YOR124C,39.99944267766803,153.6078366989706,47.01546458361995,80.20758132008619
YPL092W,16.90009847371236,107.43115067715974,31.01860234180486,51.78328383089232
YFL016C,23.090634307190477,321.7388545265517,46.980702670703515,130.60339716814858
YGL141W,43.051350572960715,90.54499058804927,36.46538554011053,56.68724223370685
YDR412W,182.37179604965027,2.5061232037462813,5.977045733943699,63.61832166244675
YBL066C,48.98674669253967,85.54969874205682,37.592470377993095,57.37630527086319
YGL239C,8.080387262154414,94.20760191249754,44.3696038917002,48.885864355450714
YBL101W-B,31.2738358210829,449.47038013499093,46.30045701804423,175.68155765803934
YPR095C,42.5794288331134,229.42803192408647,18.324140810857916,96.77720052268592
YMR290W-A,17.40765593343482,339.5807331735275,38.493092347536354,131.8271604848329
YOL073C,35.03625943586036,86.23787972319735,28.1709125370162,49.81501723202464
YLL016W,50.99886865254248,,54.99749905717864,52.99818385486056
YEL060C,70.58857699230448,209.89641130984452,64.20216076939693,114.89571635718198
YEL071W,41.711747420406745,101.7682985274314,43.64904524905141,62.37636373229653
YLR310C,49.884391479741154,86.08713623613929,21.469196318541655,52.48024134480736
YOR382W,23.767322439062195,1190.9600419713724,35.281199249638064,416.66952122002425
YNL184C,14.308202669350091,,91.58350812002207,52.945855394686085
YDR001C,54.69754405796288,332.4391817452014,-68.51051723980474,106.2087361877865
YPR042C,52.68826182122463,90.59101453786744,48.90337844275039,64.06088493394749
YOR173W,33.33816030888647,63.4681019844729,88.62224824490707,61.80950351275548
YNL024C,39.751459259578056,84.75076307152861,67.64328623276656,64.0485028546244
YGR178C,18710.980665717172,69.58556469817347,29.763346361165876,6270.109858925504
YGL036W,35.80791397433554,,59.42117101968024,47.61454249700789
YPR131C,160.11158807430044,42.3297924358636,23.061433642698695,75.1676047176209
YBR066C,105.45424604042113,160.52395605769044,,132.98910104905576
YDR179C,37.26812547252146,90.4684996065416,26.27621436902967,51.337613149364245
YMR028W,22.366092388869458,,94.2576719604644,58.31188217466692
YOR379C,404.04663197986713,-178.8804896382619,122.51852892855948,115.89489042338823
YNL011C,23.21617120858653,78.90650995442964,67.2422689375056,56.45498336684059
YJL116C,28.244247748409055,,119.54987412605,73.89706093722953
YML070W,79.97555968050311,505.9403109232166,53.15435157860691,213.0234073941089
Q0070,54.37988820719198,220.60139374935912,199.74796862266572,158.24308352640563
YNL045W,39.14482606248761,161.74032389693605,34.80647182664923,78.56387392869095
YGL193C,60.23483442937025,212.94690660997705,36.47089011154373,103.21754371696368
YLR347C,40.532351838855874,100.53561933977248,74.667479595091,71.9118169245731
YGR146C,46.29751061505852,,463.9087548811352,255.10313274809687
YOR152C,16.34779687758213,498.4294905466862,42.04386052141972,185.60704931522935
YPR098C,21.391857066180656,80.34828505038804,41.32169670110487,47.687279605891185
YNL129W,18.333681710819516,149.4175456217077,18.969629427515876,62.24028558668103
YOL084W,45.86449738224162,66.65424628447334,,56.25937183335749
YPL152W,43.258030675169245,431.3440609857148,87.78438405317789,187.46215857135397
YKL010C,54.435812643200784,180.18293050859552,59.74927878366185,98.12267397848603
YLL059C,22.031732192619874,,108.9367234235939,65.4842278081069
YGL126W,83.71970866284315,58.87738363008639,53.493332863805605,65.36347505224505
YDL039C,80.31253796711727,-73.02263893090748,155.1083490040265,54.132749346745435
YOL160W,27.740392888987568,,126.58007440947154,77.16023364922955
YMR110C,114.4635172742095,390.6005840505912,68.85609701082707,191.3067327785426
YLR422W,64.48337570166207,93.8429807459601,38.6429710527258,65.65644250011599
YDR461W,45.838323840231354,102.65018870515634,73.33388034160494,73.94079762899754
YBL043W,3.160923427815137,144.77066941292802,23.4876999659904,57.139764268911186
YBR299W,45.826370065840095,18.97799659731728,97.3673127437122,54.05722646895652
YOL087C,96.9518666048234,493.1521231029336,42.37770447607904,210.827231394612
YOR376W,67.30509379492922,62.527593891555014,158.11590074396213,95.9828628101488
YOR385W,36.95261969347512,73.92026253022053,36.562103653730034,49.14499529247522
YBR037C,249.4408236549359,8.144192235410648,9.71557391574254,89.10019660202971
YPR077C,97.89473299971242,,202.54537040142387,150.22005170056815
YGR062C,25.70254161225545,54.076527254157995,114.40086236075472,64.72664374238938
YMR324C,31.590677232981356,87.20358655768888,33.22058967639842,50.67161782235622
YDR305C,56.14243860799155,154.32803320723053,37.64762271159575,82.70603150893928
YBR099C,16.255754949274884,,89.88320971047031,53.0694823298726
YHR018C,25.63397178445528,94.9694037467609,47.68357098382237,56.095648838346186
YDL200C,21.45312707441944,184.7480214753616,39.13454227365433,81.77856360781179
YFR035C,22.485831039834967,110.54556738326018,29.64447849452159,54.22529230587224
YDL168W,35.59797938516811,165.44068891701605,73.46216862604172,91.50027897607532
YOR297C,14.208174176249882,888.4619922660569,172.54721429389454,358.4057935787337
YML113W,75.50367697389055,55.277665221161456,39.95245371129174,56.91126530211458
YCR011C,,74.42413522242518,23.219766643399645,48.821950932912415
YBL064C,38.77169513562373,32.424428246411246,835.2243830258255,302.14016880262017
YPL184C,20.409868968802257,97.50426072809076,51.99052000321957,56.634883233370864
YDR340W,67.78331057189611,84.85129777527061,29.551974123053835,60.72886082340685
YDL234C,22.639876607564418,119.78654649953567,37.3112523011441,59.91255846941473
YGR233C,20.90057533109381,7803.617632202055,15.84796796872975,2613.4553918339593
YJR026W,40.06708542955376,81.88637952447779,40.52066083442605,54.15804192948587
YOR389W,28.619739942110833,102.92714041161,58.68905250267732,63.41197761879939
YHR100C,37.83010374574854,53.542298404392035,54.68767722284068,48.686693124327086
YPL170W,69.34610707594118,60.661003432550814,33.06197553552533,54.35636201467244
YOL083W,35.55842485035815,285.3592213793483,47.19265694185139,122.70343439051928
YAL067C,126.72558135366278,27.87070425350263,54.420859022490994,69.6723815432188
YHL030W,27.83260150903669,124.15130613840148,46.16848826645466,66.05079863796426
YPL100W,55.07903542951762,74.86182916834954,31.675879667788585,53.87224808855192
YOR050C,15.530579275543374,,92.54594646905709,54.03826287230023
YJR028W,33.136330118579444,98.80097388677932,48.58222775332661,60.17317725289512
YLR178C,109.6679319768004,,,109.6679319768004
YBL053W,57.54171810227018,75.30391047828124,17.23560004534537,50.02707620863226
YOR183W,28.89180301155716,37.12921591372024,83.2216507871375,49.74755657080497
YNL008C,51.83635304176468,,91.40520956267056,71.62078130221762
YPL150W,23.112734845704303,141.81620300456632,111.82115134544688,92.25002973190584
YJR114W,108.49575386505455,24.48161571597412,18.72139790792836,50.56625582965234
YGL136C,38.338282736553694,126.34013493006492,60.25212519318183,74.97684761993348
YDR533C,20.755754348505526,108.27431505334305,51.24532108106811,60.091796827638895
YER081W,82.01401499176768,,,82.01401499176768
YBR212W,24.062642391074085,79.448011282344,46.67003930873036,50.06023099404948
YMR232W,42.865779747916335,12.532895237936762,122.59354740326364,59.33074079637225
YOR255W,-43.92176287824463,,275.6961879747869,115.88721254827112
YMR301C,56.01772240148072,40.6500305734553,,48.333876487468
YDR431W,78.84101880980317,20.9097809686126,66.85398183113391,55.53492720318322
YLR356W,32.66979372805726,72.6987289001186,39.090850278140486,48.15312430210545
YPL095C,36.00953037933675,322.75600685350724,20.922277537297663,126.56260492338056
YKR075C,,91.25093387053366,29.413177425977683,60.33205564825567
YHR191C,27.47248191568182,186.7413379512207,22.560511875432727,78.92477724744508
YPR026W,26.19695534177668,58.43984179902811,59.17781044601644,47.938202528940415
YPR150W,35.55267398558994,1108.939936806267,5038.519333992598,2061.0039815948185
YJR119C,31.629431103080176,56.96074545975926,56.48659528037775,48.358923947739065
YHR022C,20.66508280534681,,76.68456204612447,48.67482242573564
YOR072W,111.62987344671782,,53.38479633858962,82.50733489265372
YIL089W,36.757761843048506,,78.74803648059923,57.75289916182386
YOL101C,84.62257245225112,20.33708085933658,214.01501776183167,106.32489035780644
YDL176W,32.91938546910286,73.65259948025779,43.91891664848714,50.163633865949265
YDR248C,28.997540274673952,181.91986587182032,16.394542682922097,75.77064960980546
YPL258C,38.6540244023359,96.54402740136908,24.740312914693316,53.3127882394661
YNR019W,45.394898246084445,219.33110871682564,47.02118780829389,103.91573159040134
YJL068C,27.387369191774795,,88.82776968623624,58.10756943900552
YPR045C,46.87133471203663,216.93111870122647,37.447108754306576,100.41652072252322
YGR256W,41.86466497006562,47.326801529849256,64.06699599086639,51.086154163593754
YEL010W,15.78161863197742,70.84339826421315,106.78569778210542,64.47023822609866
YML040W,39.944133541485584,90.06820619795769,48.32806519302256,59.44680164415528
YOR038C,120.7599398669496,12.93721213750674,15.935190058307128,49.877447354254485
YLR311C,12.439622479562868,128.94787219904234,35.49141837572567,58.959637684776965
YGL195W,30.61754866450374,103.09770302536,32.72188484737019,55.47904551241131
YGR130C,48.83991217809304,191.3396164847866,54.81560166126509,98.33171010804824
YER104W,181.27171765924007,1521.2067403010687,47.54818617756044,583.3422147126231
YNR058W,24.17276152414907,3101.23712337319,21.62510599279781,1049.0116636300456
YMR278W,38.80996491138736,893.8729273833466,65.9788986829918,332.8872636592419
YPL087W,25.258216541111636,286.0084251935884,28.89480890018572,113.38715021162857
YOR053W,21.38113669860019,103.84732859285234,16.805899915885863,47.344788402446135
YJL107C,134.5325810495112,,36.72428882050807,85.62843493500964
YBR170C,29.981768828542048,264.42605122106653,45.5979287016948,113.3352495837678
YDL057W,53.20542312543774,,202.74118195791897,127.97330254167834
YNL159C,32.27173424241373,458.5029494940384,60.09680310767201,183.62382894804136
YOL162W,320.9101713539373,,116.77299357578713,218.8415824648622
YBL005W,43.43400966527996,172.26643661764518,50.033231073162305,88.57789245202916
YOR032C,22.380920432537756,,75.78363795489385,49.082279193715806
YJL049W,52.72182734432014,196.76618998596663,27.12288550626698,92.20363427885124
YBR174C,17.534344914115856,61.81735107212364,220.86551680774315,100.07240426466088
YDR401W,23.622468248458432,74.67876006962175,67.15331765164827,55.15151532324281
YAL002W,3.9183201898579334,181.61820104590572,42.34680628332612,75.96110917302993
YJR091C,70.60272616396892,171.60574131321985,42.6491358992502,94.952534458813
YGL256W,32.573596069905534,4522.986219428134,6.016479930405243,1520.525431809482
YLR157C,59.77665240264037,,89.32627451820403,74.5514634604222
YMR159C,57.34015387699818,43.31659786165937,50.26216191855229,50.30630455240328
YOR304W,10.945248445180969,565.1561082057642,11.538587485788696,195.8799813789113
YBR053C,27.622197352928985,77.97248188028557,99.14304616907144,68.24590846742866
YNL028W,10.538743218347504,618.787160390081,57.93262226955706,229.08617529266184
YNL187W,154.3034530317391,,5.420386430502209,79.86191973112066
YLR245C,38.17128082945353,36.19891085862201,93.51734723387118,55.96251297398224
YML109W,68.3078694587328,47.514292473896234,27.642757759172262,47.8216398972671
YKR046C,72.5629556836339,50.23874599710336,45.549462739685765,56.11705480680768
YHR199C,17.86024952257077,176.424138146059,52.588266965685406,82.29088487810505
YNL118C,66.94869705256139,136.62878725710826,27.131476886680144,76.90298706544992
YGR250C,52.35699046014914,253.73566790487288,-69.38304567671804,78.90320422943466
YGR199W,54.25503805791722,1207.4198191147727,14.576207466886576,425.4170215465256
YNL168C,23.91993894257159,322.24315004983936,10.182755045981942,118.78194801279764
YAL054C,40.21222701349773,37.68407377647999,363.5142590863581,147.1368532921119
YDR219C,85.3193091009329,41.90515801290293,32.51909314094072,53.24785341825885
YIL135C,70.44755789628559,86.65824625175046,22.816820955435027,59.974208367823685
YPL247C,22.112974762322068,87.21256941254396,43.53527516549787,50.953606446787965
YLR194C,54.883991110350415,110.3639492242946,10.844778059810787,58.69757279815192
YPR109W,419.76064694065167,,43.38651219449143,231.57357956757156
YIL058W,34.900391863028126,,59.973734634474695,47.437063248751414
YDR374C,86.3174429178955,,33.78249250851684,60.04996771320617
YJL021C,57.30378449012528,58.649077713068785,103.37643464337104,73.10976561552171
YOR374W,58.39283442838086,,,58.39283442838086
YOR298W,157.4646294510679,,,157.4646294510679
YGR127W,17.280980449773715,292.0376073065426,44.7412075168499,118.01993175772208
YBR076W,36.45018852404051,41.90237172153336,67.62242822562186,48.65832949039858
YML045W,38.32252966480052,78.45241924913093,77.30982378023957,64.69492423139035
YMR304W,31.5952203104646,232.6011557941212,29.240263892897516,97.81221333249444
YPR151C,19.287262469828597,-149.46440266525082,7291.448274872376,2387.0903782256514
YDR204W,83.70403716307212,64.89742853005461,66.56139236950638,71.72095268754437
YDR240C,43.78492655989718,122.51739829406716,12.906441232530726,59.736255362165025
YER175C,58.83749160268458,116.09460119108554,29.89012255584586,68.27407178320533
YBR139W,21.114936169342673,81.9929354318011,46.61009389738141,49.9059884995084
YOR391C,23.46825232440583,81.97832646575031,38.89984481939538,48.115474536517176
YPL257W,17.521556826185545,,578.6368716550301,298.0792142406078
YBR166C,50.02906023285869,75.55875956624722,37.894681138024495,54.49416697904346
YMR252C,131.94046001908305,389.01181385163846,35.89280814342778,185.61502733804977
YOR387C,56.79607536464079,135.31159626904997,45.05431090376006,79.05399417915028
YLR282C,,,168.5761712543154,168.5761712543154
YDL161W,,256.8681714755435,219.45993426107128,238.16405286830735
YJR050W,68.55040383012079,29.253202535822965,86.03514788472917,61.27958475022431
YOR351C,43.11809254184462,,97.56556795540152,70.34183024862307
YMR253C,28.08776327446315,9.191663121085622,309.15440146864773,115.47794262139882
YMR258C,23.2321685005137,193.7716852991481,112.36472640563618,109.7895267350993
YDL141W,46.46368788769312,89.248981186559,19.554742391850382,51.755803822034174
YDR283C,116.46479856459288,,29.78495240426704,73.12487548442996
YDR128W,45.60399861174704,76.45621754654721,25.66144945681776,49.24055520503734
YCR010C,52.26469826800226,747.9903245499249,107.46401190095756,302.57301157296155
YCR025C,130.7583500872631,48.38268310607598,38.9582499868689,72.69976106006932
YHR157W,29.99821613217023,,119.6119691898047,74.80509266098747
YIL165C,61.73568204708492,,42.76855489026358,52.252118468674254
YPL109C,67.2645397334484,,35.99668607598451,51.63061290471646
YDR538W,16.66848208982527,36.189132212456414,101.9049982784172,51.58753752689963
YNL202W,78.99980199494034,,,78.99980199494034
YCL027W,88.33088169194286,147.54579603791467,33.96934050233812,89.94867274406522
YLR279W,127.59693580761076,,149.68315111874537,138.64004346317807
Q0065,47.5241018384789,,63.64093484708757,55.58251834278323
YGR016W,21.54702721457072,4526.854906131666,20.155199290583163,1522.8523775456067
YHR155W,17.269653558937655,195.7173218403967,35.89448211662981,82.96048583865472
YOR292C,35.59610372622413,130.9588776301595,33.86591678762408,66.80696604800256
YKR044W,36.20631270276686,80.2648322220476,29.77712099220497,48.74942197233981
YIL168W,223.40002121285875,5.09095318590536,35.1996006958091,87.89685836485775
YMR152W,76.46195281579637,,52.69435064565903,64.5781517307277
YER005W,62.03127978394726,5.566799478457794,87.5246072124356,51.70756215828021
YMR082C,317.07902601661385,,135.86106247397365,226.47004424529376
YLR013W,25.95600171049412,,801.0731548474761,413.5145782789851
YJL132W,15.19397904946472,,80.6296190397543,47.91179904460951
YBR100W,54.7882392886096,,,54.7882392886096
YBR209W,29.30244907094369,175.07570849297178,32.380341049949806,78.91949953795509
YIL032C,8.86710683171634,,233.9930905529863,121.43009869235132
YGL247W,47.21800863917697,480.2451524796845,29.702604687094063,185.72192193531853
YEL057C,20.712296311091897,68.18916720519998,68.19709987248197,52.36618779625795
YKR049C,25.893410165135577,439.9177817307643,30.909193202458468,165.5734616994528
YKL064W,34.34926716537362,218.78459583534752,30.670090392712204,94.60131779781112
YPR156C,34.05331814343248,16.94303721400323,113.1004338219025,54.69892972644607
YMR084W,31.94478711749422,85.0455938002373,62.82439891042922,59.93825994272024
YER079W,387.4672921628912,,22.034273514787635,204.7507828388394
YMR209C,27.48569761447351,143.2302101775258,41.976063640596344,70.89732381086522
YJL199C,10.54761655675941,,118.25777183806456,64.40269419741199
YKR104W,24.92149284098265,142.35796451890852,27.802218522580244,65.02722529415713
YNL324W,21.160845974336414,,96.0265336774532,58.5936898258948
YLR164W,19.68610369220142,81.98645888369906,40.91119314582519,47.52791857390856
YLR436C,42.41862785795619,176.2372697718859,14.613961538099664,77.75661972264726
YDR319C,100.61066307416492,,38.08951249009301,69.35008778212897
YGR050C,69.52254016629689,,80.50070677949267,75.01162347289478
YGL255W,143.5638024471851,29.968552242146583,20.52030720748634,64.68422063227268
YCR022C,57.22087951110063,76.76662574961198,60.58483757114807,64.85744761062023
YEL019C,19.17916975223085,81.1658748788849,49.15467918038217,49.83324127049931
YML047C,156.74178842122865,6.652099194637419,28.20256598760518,63.86548453449041
YKR091W,158.26837194995048,-76.02183596810256,161.8530583244891,81.36653143544567
YER053C,51.84643934713998,-22.734322894319902,124.68789915763249,51.26667187015085
YAR053W,130.0838488527151,65.17444541643404,13.448372379962432,69.56888888303719
YDL129W,23.5439379585685,145.67779839875735,36.6690397248571,68.630258694061
YCL065W,11.828654448016636,125.20548383573777,26.944653634466096,54.6595973060735
YKL037W,19.293543675902416,273.1082962269052,54.22566443315494,115.54250144532084
YKR011C,15.223130775219191,190.44467011454412,48.66175236372231,84.77651775116188
YKL116C,19.68926314849561,438.5353002533359,30.570064857968827,162.93154275326677
YDR269C,46.829563619990616,79.18196760458255,20.39216369996286,48.801231641512
YDR198C,70.21532417605277,19.681689807213516,63.23703067198788,51.04468155175139
YGL249W,35.437287321376594,,148.6014689040683,92.01937811272244
YIL073C,27.987063479381465,380.98556642698145,60.02695050651359,156.33319347095883
YHR033W,25.953518822603957,331.95604740137225,23.5306092876744,127.1467251705502
YML107C,38.11775492126512,82.79286574222779,53.33589582880185,58.08217216409826
YKR098C,24.77882051567839,148.81832830368324,27.780969338627777,67.12603938599646
YLR446W,66.42368767952365,,157.30754679981885,111.86561723967124
YOR160W,51.52421105778567,539.0766339479735,67.22595068881658,219.2755985648586
YGL125W,429.3555881215699,-296.53084417345747,12.765445152124975,48.53006303341247
YNR002C,17.15935578519359,203.40435687171316,33.06494469063441,84.54288578251372
YHR061C,92.15110315080084,64.63239277002897,36.3055881323682,64.36302801773267
YKL048C,484.6930420885289,4.846724555285758,282.23042163923697,257.25672942768387
YHR112C,53.97637056787716,96.8224570360857,47.06144679451079,65.95342479949122
YDR191W,13.523163449752175,50.299182067628685,207.225010072705,90.34911853002863
YJR096W,44.462506661634585,18.05304441783676,89.80815041707224,50.77456716551453
YJR046W,83.67726767999612,,43.362844910217675,63.5200562951069
YDL246C,17.29877219005913,289.89326999530397,12.952421770627938,106.71482131866368
YHR116W,34.96033775005401,133.54509875781525,34.53065131961746,67.67869594249557
YDR247W,27.893188840834032,112.0967288757102,37.7684164895754,59.25277806870654
YCL075W,26.562196440242857,,96.81912705880578,61.69066174952432
YMR048W,23.4819600503909,3242.698092368734,40.709379966010246,1102.2964774617117
YDR317W,99.63246222719864,,35.09039115165624,67.36142668942743
YLR349W,64.91233199379812,59.39067475991811,40.773903097397515,55.02563661703792
YPL279C,47.28635071338257,567.4005475637766,26.510762729628077,213.73255366892909
YBR214W,21.95482330836687,68.75406355920335,63.05295588380245,51.25394758379088
YGR004W,57.4373473564209,120.42424288287212,6.346546031956506,61.40271209041651
YOR040W,184.9488032701675,24.38175168930793,30.86246211675864,80.06433902541136
YDR475C,212.42023437716395,9.72579145138548,65.35480523359357,95.83361035404766
YLR035C,76.87087993860536,62.66475171348177,28.34618756444009,55.960606405509076
YCL004W,42.15893560024947,159.03576052481543,25.287538054342978,75.49407805980262
YML116W,16.39918958701472,71.15872980428927,63.49253620605303,50.35015186578568
YNR014W,14.759330755737793,105.4454901844714,37.24101424171419,52.48194506064113
YAL063C,43.72277191537753,158.29001672556504,42.07381067697017,81.36219977263758
YOR140W,55.416361570082145,169.2803631481054,25.19566217044087,83.29746229620947
YNL285W,486.89568572005953,61.95871148607089,61.957374816371136,203.60392400750052
YOR024W,33.99191692381263,,2756.651496560559,1395.3217067421858
YAL061W,13.66558611626787,136.7690569620438,15.584672643706192,55.33977190733929
YHL026C,16.30529826044906,16.26324169549168,208.57521986080116,80.38125327224729
YKR101W,28.997632511117253,155.0734156546268,8.516615843895558,64.1958880032132
YHR002W,55.84848613350724,41.5924300214279,52.36245165804002,49.934455937658385
YHL041W,162.2148446463468,,40.897875743645514,101.55636019499616
YOR111W,116.4903239184826,11.636849610097215,45.700367697780734,57.942513742120184
YIL097W,10.774538797388374,30.31832535700315,110.9687768191864,50.6872136578593
YMR137C,17.331717947045966,,112.77149296330732,65.05160545517664
YOR018W,27.74411788249744,27.4531002601527,92.89131972161525,49.36284595475513
YNR073C,,46.05158731147931,58.65342005578439,52.35250368363185
YJL163C,60.08282033578856,234.9492809816291,46.83309389976763,113.95506507239509
YIL132C,23.05756701734242,,184.7460791037553,103.90182306054888
YKL151C,83.16518126594565,67.1546232393194,344.6483139710155,164.98937282542684
YCR063W,23.36372962574762,264.10430761247994,44.283343975646254,110.58379373795792
YML128C,,,72.90339467428551,72.90339467428551
YNL017C,54.30985135176484,65.37316979720322,93.82537190418758,71.16946435105189
YPL025C,50.889697713392025,35.512624128888355,68.48986184148517,51.63072789458852
YJR008W,28.46892361364784,63.78930320903713,51.086054758681875,47.78142719378895
YLR392C,490.5196693635304,94.3781891494919,105.45214420308294,230.1166675720351
YMR204C,36.35334073366778,23.823777680182175,132.3488445461733,64.17532098667442
YPR064W,19.225628382228383,,77.84814260864373,48.53688549543605
YLR219W,33.24236995261617,157.74876688907102,20.8606931239901,70.61727665522577
YJL213W,31.61092872891097,65.54859542641812,87.38096185990393,61.513495338411
YLL055W,27.32760212569475,343.3769347070063,107.02392662763783,159.24282115344627
YOR161C,74.25155817176605,41.781812434829114,25.90520230049828,47.31285763569781
YGR051C,35.33431651287193,21.964650364891316,95.55935091216512,50.952772596642795
YMR250W,63.21454839482433,,,63.21454839482433
YJR150C,10.559533773209974,100.96507700289764,44.925870099926605,52.15016029201141
YMR170C,55.02896146985762,,,55.02896146985762
YIR018W,347.7006933795911,,27.337446146895076,187.51906976324307
YFL051C,70.1998656196593,,27.534457536692912,48.86716157817611
YOL055C,20.83607139137161,32.25394710299737,131.75670832337497,61.61557560591465
YNL305C,18.11791772675095,90.1266137829448,42.18181208463126,50.14211453144234
YDR358W,25.345167528448,92.92462461659856,47.17553305041108,55.14844173181921
YOR228C,58.69374671344801,11.110188225779408,80.65491981620607,50.1529515851445
YKL133C,22.327360040468733,139.66192910958333,56.86872744804748,72.95267219936652
YCR075C,98.7861941530278,,34.72019449208896,66.75319432255839
YJL059W,69.10364928057434,,48.17025244172939,58.636950861151874
YJL216C,59.86837259138546,,96.2729089436182,78.07064076750183
YHL018W,,,58.960761428558925,58.960761428558925
YDR043C,,,60.597945482255625,60.597945482255625
YIR009W,208.15816034818496,,10.091153510794271,109.1246569294896
YDL186W,34.45569853457465,68.01014492063761,80.4976274855377,60.98782364691666
YDR479C,63.6748129527303,63.62032696180887,17.270658454617195,48.188599456385454
YBR117C,26.468214778719236,72.36279985786852,44.9704645951516,47.933826410579776
YBR040W,197.18815448346447,13.188020286450532,58.541457770705,89.63921084687333
YHR180W,11.452991107965769,39.778410254858734,128.6843340161118,59.971911792978766
YOL164W,12.621647368016772,787.2924702455138,9.27231422583199,269.72881061312086
YCL026C-A,33.36027131162648,7.072272088526278,4147.479364034218,1395.970635811457
YGL064C,30.8849851797289,118.73182685220593,6.792521732460484,52.13644458813176
YNL274C,64.40156693367288,443.5108586015832,39.33653718249948,182.41632090591852
YML089C,-26.976490617007975,297.2912179737515,21.210323590767757,97.17501698250376
YGR236C,53.832162715940015,,25199.343564809937,12626.587863762938
YJL099W,62.69121011225607,116.02756523433987,51.52172216385311,76.74683250348302
YAR023C,17.329719115448132,4.112639419094004,1255.6640655439626,425.7021413595016
YKL038W,28.79331415120335,125.79088722770952,35.35902543924694,63.31440893938662
YOR139C,,,51.06240542467985,51.06240542467985
YHR096C,30.976267851990432,92.22130636168797,38.41723119126883,53.87160180164907
YJR151C,23.160024508991775,92.09266573997422,26.64177956857113,47.29815660584571
YOR071C,131.95533823202655,15.796721135275943,50.73797576894084,66.16334504541443
YHL021C,19.24365635418425,,217.4602945871644,118.35197547067432
YGL194C,20.555905002796415,114.02643731309362,40.53075766443628,58.37103332677543
YJL215C,14.158726206372188,,115.65541325497917,64.90706973067567
YDR515W,353.78863911159675,8.68079490200814,161.3594991988336,174.60964440414614
YIR042C,52.62611571743605,,179.5394895098764,116.08280261365624
YKR039W,30.744301000152745,143.59885811511384,27.99554830077457,67.44623580534706
YOL163W,91.97135079995158,,30.913154270736513,61.442252535344046
YDL021W,49.41351039340483,,160.67995454490773,105.04673246915628
YGL156W,84.32123558554356,84.50755074742193,163.74778528878912,110.85885720725156
YDR263C,46.144801405735215,74.14034148643267,31.89181375881504,50.72565221699431
YNR075W,79.45278559774515,,22.988055579364765,51.22042058855496
YMR206W,201.47052360942615,8.775607467521652,-28.524437888079177,60.57389772962287
YJR107W,15.15727428517782,278.6450974742868,25.83232305669184,106.54489827205217
YHR102W,29.85075986741648,87.00834626107451,384.8011538380832,167.22008665552474
YER106W,110.85320712162614,,158.8956249053366,134.87441601348138
YFR020W,75.68044102342903,,,75.68044102342903
YCR066W,20.706800733292393,134.1677554802284,18.672321764197715,57.84895932590617
YGR224W,24.48164975706682,,623.6025591834364,324.0421044702516
YHR140W,53.58211634131193,-40.716592446405,564.8152716495439,192.5602651814836
YBR250W,18.147986747291004,,77.21264238239938,47.68031456484519
YFL060C,43.24394372810677,,56.04985264647279,49.64689818728978
YOL153C,67.02090564350036,175.7368589087901,75.53761916465402,106.09846123898149
YBR050C,,134.25744668296258,68.22377758677804,101.2406121348703
YIR030C,63.50198843193592,,34.229251900788306,48.86562016636211
YDL199C,30.231498482814818,186.8623690383441,25.505070715761047,80.86631274563999
YGR067C,21.487928072723086,63.78888489937937,65.30197906037426,50.192930677492235
YIL107C,86.74960244060256,77.97437049118913,123.3758217708904,96.03326490089404
YIR039C,36.03055812506941,,200.64819106096215,118.3393745930158
YJL195C,16.78653804295971,,144.07958269250383,80.43306036773177
YMR244W,119.756506724196,188.33824074473577,59.534567639244294,122.54310503605868
YNL320W,8.384553778861173,146.28955472547335,22.209817173743776,58.96130855935943
YMR154C,42.108062031388435,,56.65654535969499,49.38230369554171
YHL045W,99.48921463687064,10.24407828683492,263.03359857201104,124.2556304985722
YJL105W,115.5389986524369,20.78933302759332,69.22546828451802,68.51793332151608
YLL063C,24.17021657225223,618.6573742787617,10.920619051972263,217.91606996766208
YLR161W,5.255070396646385,,119.16183748078748,62.20845393871693
YMR279C,22.414160266212622,32.26687405407797,118.51372189401032,57.731585404766975
YHR212C,170.00452972330476,,29.200166427891617,99.6023480755982
YJR149W,87.27208025328872,47.92730838807388,140.1520758924353,91.78382151126596
YHR184W,31.204534962285447,288.2671102359845,,159.73582259913496
YHR210C,4.19200928363444,110.04743282686704,81.52531788626568,65.25491999892239
YBL101W-A,56.19448087115291,,53.26917190785512,54.73182638950402
YJL170C,9.379559592290503,68.50896320809827,72.89829023509978,50.26227101182951
YHR139C,11.479759644078142,,134.26801154730467,72.8738855956914
YGL205W,27.750933515197072,126.37077699083936,19.269131030806346,57.79694717894758
YIR029W,3.092165947402295,191.67844721046396,38.62469515125718,77.79843610304114
YER096W,30.34660763030888,140.3394255929932,153.96529270734666,108.21710864354958
YGR066C,,969.4490098282428,-403.3504645429354,283.0492726426536
YPL275W,30.957273622864445,64.08113921818176,52.34048831858712,49.12630038654444
YGL138C,258.5729368000862,9.056663164846936,50.18785982398142,105.93915326297152
Q0115,34.9959547571798,121.35461409097302,44.034364864893675,66.79497790434884
YIR027C,1.4786987193094456,18.25985982911792,242.52980582095432,87.42278812312723
YBL109W,5.179153256305201,121.98117357465765,15.412863338809744,47.52439672325753
